[{"Company Name":"Academy Securities","Street Address":"550 W Van Buren St Suite 1410","Geocode Address":"551 W Van Buren St","City":"Chicago","Zip":60607,"State":"IL","Category":"Capital Markets","lat":41.8767236,"lng":-87.64128219999998},{"Company Name":"Accenture","Street Address":"161 N Clark St","Geocode Address":"162 N Clark St","City":"Chicago","Zip":60601,"State":"IL","Category":"Consulting","lat":41.8849412,"lng":-87.6309837},{"Company Name":"Activ Financial","Street Address":"125 South Wacker Drive, Suite 2325","Geocode Address":"126 South Wacker Drive","City":"Chicago","Zip":60606,"State":"IL","Category":"Data & Analytics","lat":41.8794206,"lng":-87.63699609999998},{"Company Name":"Aegea Capital","Street Address":"233 South Wacker Drive, Suite 8625","Geocode Address":"234 South Wacker Drive","City":"Chicago","Zip":60606,"State":"IL","Category":"Capital Markets","lat":41.8788391,"lng":-87.63697869999999},{"Company Name":"Algo Fast","Street Address":"333 N Canal Street, #2205","Geocode Address":"334 N Canal Street","City":"Chicago","Zip":60606,"State":"IL","Category":"Technology","lat":41.8875842,"lng":-87.63997770000003},{"Company Name":"Anderson Pacific","Street Address":"NBC Tower, 455 N Cityfront Plaza Dr #2750","Geocode Address":"455 N Cityfront Plaza Dr","City":"Chicago","Zip":60611,"State":"IL","Category":"Investor","lat":41.890055,"lng":-87.62101439999998},{"Company Name":"Anova Technologies","Street Address":"205 N Michigan Ave #4230","Geocode Address":"206 N Michigan Ave","City":"Chicago","Zip":60601,"State":"IL","Category":"Data & Analytics","lat":41.8860792,"lng":-87.62475840000002},{"Company Name":"Arrow Payments","Street Address":"935 W Chestnut St","Geocode Address":"936 W Chestnut St","City":"Chicago","Zip":60642,"State":"IL","Category":"Payments","lat":41.8984472,"lng":-87.65200479999999},{"Company Name":"Ashland Partners and Company LLP","Street Address":"33 North LaSalle Street Suite 2330","Geocode Address":"34 North LaSalle Street","City":"Chicago","Zip":60602,"State":"IL","Category":"Service Provider","lat":41.8827879,"lng":-87.63241419999997},{"Company Name":"Avant Credit","Street Address":"640 N. LaSalle #555, Chicago","Geocode Address":"641 N. LaSalle Dr.","City":"Chicago","Zip":60606,"State":"IL","Category":"Lending","lat":41.8935639,"lng":-87.6325488},{"Company Name":"Aviva Investors of America","Street Address":"225 W Upper Wacker Dr","Geocode Address":"226 W Upper Wacker Dr","City":"Chicago","Zip":60606,"State":"IL","Category":"Investment Management","lat":41.8869457,"lng":-87.63530789999999},{"Company Name":"Backstop Solutions Group","Street Address":"Willis Tower, 233 S Wacker Dr #3960","Geocode Address":"233 S Wacker Dr","City":"Chicago","Zip":60606,"State":"IL","Category":"Consulting","lat":41.8788864,"lng":-87.63588249999998},{"Company Name":"Baird Private Equity","Street Address":"227 West Monroe Street\nSuite 1900","Geocode Address":"227 West Monroe Street","City":"Chicago","Zip":60606,"State":"IL","Category":"Investor","lat":41.88028540000001,"lng":-87.6347111},{"Company Name":"Bank of America","Street Address":"231 South La Salle Street","Geocode Address":"232 South La Salle Street","City":"Chicago","Zip":60604,"State":"IL","Category":"Banking","lat":41.8784474,"lng":-87.6323155},{"Company Name":"Barchart","Street Address":"209 W Jackson Blvd #200","Geocode Address":"210 W Jackson Blvd","City":"Chicago","Zip":60606,"State":"IL","Category":"Data & Analytics","lat":41.8781236,"lng":-87.63433129999999},{"Company Name":"BOE Group","Street Address":"120 N. LaSalle Street, Suite1500","Geocode Address":"121 N. LaSalle Street","City":"Chicago","Zip":60602,"State":"IL","Category":"Capital Markets","lat":41.8839109,"lng":-87.63201200000003},{"Company Name":"Braintree","Street Address":"Suite 800, Merchandise Mart Properties, Inc., 222 W Merchandise Mart Plaza","Geocode Address":"222 W Merchandise Mart Plaza","City":"Chicago","Zip":60654,"State":"IL","Category":"Payments","lat":41.8885198,"lng":-87.63544819999998},{"Company Name":"Brown Brothers Harriman","Street Address":"150 S Wacker Dr # 3250","Geocode Address":"151 S Wacker Dr","City":"Chicago","Zip":60606,"State":"IL","Category":"Banking","lat":41.8796267,"lng":-87.6366964},{"Company Name":"Caherciveen Partners","Street Address":"500 West Madison St # 1610","Geocode Address":"501 West Madison St","City":"Chicago","Zip":60661,"State":"IL","Category":"Capital Markets","lat":41.8818654,"lng":-87.63970269999999},{"Company Name":"Card Connect","Street Address":"317 N. Racine Avenue","Geocode Address":"318 N. Racine Avenue","City":"Chicago","Zip":60607,"State":"IL","Category":"Payments","lat":41.8873907,"lng":-87.657171},{"Company Name":"Center for Financial Services Innovation","lat": 41.88255059999999, "lng": -87.63093879999997, "Street Address":"21 N Clark St #1950","Geocode Address":"22 N Clark St","City":"Chicago","Zip":60602,"State":"IL","Category":"Organization"},{"Company Name":"Chicago Life Settlements","Street Address":"141 W Jackson Blvd #1404","Geocode Address":"142 W Jackson Blvd","City":"Chicago","Zip":60604,"State":"IL","Category":"Investor","lat":41.8781454,"lng":-87.63238819999998},{"Company Name":"Chicago Stock Exchange","lat": 41.8759525, "lng": -87.63218369999998, "Street Address":"One Financial Place, 440 S La salle St","Geocode Address":"440 S La salle St","City":"Chicago","Zip":60605,"State":"IL","Category":"Capital Markets"},{"Company Name":"Chicago Ventures","Street Address":"Merchandise Mart Properties, Inc., 222 W Merchandise Mart Plaza #1212","Geocode Address":"222 W Merchandise Mart Plaza","City":"Chicago","Zip":60654,"State":"IL","Category":"Investor","lat":41.8885198,"lng":-87.63544819999998},{"Company Name":"Club Hill Capital","lat": 41.8848949, "lng": -87.63709389999997, "Street Address":"155 N. Wacker Drive Suite 4250","Geocode Address":"156 N. Wacker Drive","City":"Chicago","Zip":60606,"State":"IL","Category":"Lending"},{"Company Name":"CME Group","Street Address":"20 S. Wacker Drive","Geocode Address":"21 S. Wacker Drive","City":"Chicago","Zip":60606,"State":"IL","Category":"Capital Markets","lat":41.881312,"lng":-87.63673719999997},
  {"Company Name":"Compensation and Benefits Solutions","lat": 42.1003776, "lng": -87.79865799999999,"Street Address":"2516 Waukegan Road, Suite 302","Geocode Address":"2517 Waukegan Road","City":"Glenview","Zip":60025,"State":"IL","Category":"Consulting"},{"Company Name":"Connamara Systems, LLC","Street Address":"200 W Jackson Blvd #1950","Geocode Address":"201 W Jackson Blvd","City":"Chicago","Zip":60606,"State":"IL","Category":"Technology","lat":41.8780979,"lng":-87.63383929999998},
  {"Company Name":"Connect Lending","lat": 41.8309997,"lng": -88.10801320000002, "Street Address":"123 Danada Square East Suite 133","Geocode Address":"124 Danada Square","City":"Wheaton","Zip":60189,"State":"IL","Category":"Lending"},{"Company Name":"CQG","Street Address":"311 Lower Wacker Dr # 6100","Geocode Address":"312 Lower Wacker Dr","City":"Chicago","Zip":60606,"State":"IL","Category":"Data & Analytics","lat":41.8843548,"lng":-87.63687390000001},
  {"Company Name":"Cumulus Funding","lat": 41.89500899999999,"lng": -87.63677100000001, "Street Address":"325 West Huron Chicago","Geocode Address":"326 West Huron Chicago","City":"Chicago","Zip":60654,"State":"IL","Category":"Lending"},{"Company Name":"David Widerhorn Consulting, LLC","Street Address":"141 W Jackson Blvd, Suite 1692","Geocode Address":"142 W Jackson Blvd","City":"Chicago","Zip":60604,"State":"IL","Category":"Data & Analytics","lat":41.8781454,"lng":-87.63238819999998},
  {"Company Name":"Discover","lat": 41.8883364,"lng": -87.6367143,"Street Address":"350 N Orleans St Suite 660","Geocode Address":"351 N Orleans St","City":"Chicago","Zip":60654,"State":"IL","Category":"Payments"},{"Company Name":"E*Trade","Street Address":"125 S Wacker Dr #100","Geocode Address":"126 S Wacker Dr","City":"Chicago","Zip":60606,"State":"IL","Category":"Capital Markets","lat":41.8794206,"lng":-87.63699609999998},
  {"Company Name":"Eagle Seven Trading","lat": 41.8780071, "lng": -87.6417629,"Street Address":"550 W Jackson Blvd","Geocode Address":"551 W Jackson Blvd","City":"Chicago","Zip":60661,"State":"IL","Category":"Capital Markets"},{"Company Name":"Early Growth Financial Services","Street Address":"744 N. Wells St.","Geocode Address":"745 N. Wells St.","City":"Chicago","Zip":60654,"State":"IL","Category":"Service Provider","lat":41.8961233,"lng":-87.63380589999997},
  {"Company Name":"ChicagoNEXT","lat": 41.8848949, "lng": -87.63709389999997,"Street Address":"155 N. Upper Wacker Drive","Geocode Address":"156 N. Upper Wacker Drive","City":"Chicago","Zip":60606,"State":"IL","Category":"Organization"},{"Company Name":"Eurex","Street Address":"Willis Tower, 233 S Wacker Dr #2450","Geocode Address":"233 S Wacker Dr","City":"Chicago","Zip":60606,"State":"IL","Category":"Capital Markets","lat":41.8788864,"lng":-87.63588249999998},
  {"Company Name":"Financial Times","lat": 41.8825669, "lng": -87.63675030000002,"Street Address":"20 N Wacker Dr Ste 2610","Geocode Address":"21 N Wacker Dr","City":"Chicago","Zip":60606,"State":"IL","Category":"Media"},{"Company Name":"Finom","Street Address":"811 W Evergreen Ave","Geocode Address":"812 W Evergreen Ave","City":"Chicago","Zip":60642,"State":"IL","Category":"Investment Management","lat":41.9063805,"lng":-87.64884180000001},
  {"Company Name":"Firm58 Inc.","lat": 41.8799448, "lng": -87.64111889999998,"Street Address":"118 S Clinton St #600","Geocode Address":"119 S Clinton St","City":"Chicago","Zip":60661,"State":"IL","Category":"Capital Markets"},{"Company Name":"Founder Equity","Street Address":"118 N. Peoria, Suite 3S","Geocode Address":"119 N. Peoria","City":"Chicago","Zip":60607,"State":"IL","Category":"Investor","lat":41.8838077,"lng":-87.64942839999998},
  {"Company Name":"Freshwater Advisors","lat": 41.8879585, "lng": -87.63625939999997, "Street Address":"222 W Merchandise Mart, Suite 1212","Geocode Address":"223 W Merchandise Mart","City":"Chicago","Zip":60654,"State":"IL","Category":"Consulting"},{"Company Name":"DealRoom","Street Address":"123 W. Madison","Geocode Address":"124 W. Madison","City":"Chicago","Zip":60602,"State":"IL","Category":"Data & Analytics","lat":41.8819849,"lng":-87.63180840000001},
  {"Company Name":"G1 Execution Services","lat": 41.8759525, "lng": -87.63218369999998,"Street Address":"440 South La Salle Street, One Financial Place\nSuite 3030","Geocode Address":"440 South La Salle Street","City":"Chicago","Zip":60605,"State":"IL","Category":"Capital Markets"},{"Company Name":"Gate 39 Media","Street Address":"29 E. Madison Suite 1514","Geocode Address":"30 E. Madison","City":"Chicago","Zip":60602,"State":"IL","Category":"Technology","lat":41.8823579,"lng":-87.62690520000001},
  {"Company Name":"Gerchen Keller Capital","lat": 41.8878674, "lng": -87.6324277,"Street Address":"300 North LaSalle Street, Suite 1825","Geocode Address":"301 North LaSalle Street","City":"Chicago","Zip":60654,"State":"IL","Category":"Investment Management"},{"Company Name":"Guild Capital","Street Address":"222 West Hubbard St, Suite 200","Geocode Address":"223 West Hubbard St","City":"Chicago","Zip":60606,"State":"IL","Category":"Investor","lat":41.889722,"lng":-87.63509799999997},
  {"Company Name":"Hearst Magazines","lat": 41.8815502, "lng": -87.63611550000002,"Street Address":"Charter One Bank, 1 S Wacker Dr # 1100","Geocode Address":"1 S Wacker Dr.","City":"Chicago","Zip":60606,"State":"IL","Category":"Media"},{"Company Name":"Hedge Act","Street Address":"325 West Huron Street, Suite 300","Geocode Address":"326 West Huron Street","City":"Chicago","Zip":60654,"State":"IL","Category":"Technology","lat":41.89500899999999,"lng":-87.63677100000001},
  {"Company Name":"Heidrick & Struggles","lat": 41.8788864, "lng": -87.63588249999998,"Street Address":"Willis Tower, 233 S Wacker Dr #4200","Geocode Address":"233 S Wacker Dr","City":"Chicago","Zip":60606,"State":"IL","Category":"Service Provider"},{"Company Name":"HighTower","Street Address":"200 W Madison St #2500","Geocode Address":"201 W Madison St","City":"Chicago","Zip":60606,"State":"IL","Category":"Investment Management","lat":41.8816075,"lng":-87.63412189999997},
  {"Company Name":"Houlihan Capital","lat": 41.8818654,"lng": -87.63970269999999,"Street Address":"500 W Madison St #2600, Chicago, IL","Geocode Address":"501 W Madison St","City":"Chicago","Zip":60661,"State":"IL","Category":"Investment Management"},{"Company Name":"Hyde Park Angels","Street Address":"222 W Merchandise Mart PlaceSuite 1212","Geocode Address":"223 W Merchandise Mart Place","City":"Chicago","Zip":60654,"State":"IL","Category":"Investor","lat":41.8879585,"lng":-87.63625939999997},
  {"Company Name":"Hyde Park Venture Partners","lat": 41.8832119, "lng": -87.63466149999999,"Street Address":"225 W Washington, Suite 1500","Geocode Address":"226 W Washington","City":"Chicago","Zip":60606,"State":"IL","Category":"Investor"},{"Company Name":"IBM","Street Address":"5821 N Sacramento Ave","Geocode Address":"5822 N Sacramento Ave","City":"Chicago","Zip":60659,"State":"IL","Category":"Service Provider","lat":41.9874889,"lng":-87.70448699999997},
  {"Company Name":"Illinois Institute of Technology","lat": 41.83262500000001, "lng": -87.6290133,"Street Address":"3300 S Federal St","Geocode Address":"3301 S Federal St","City":"Chicago","Zip":60616,"State":"IL","Category":"Education"},
  {"Company Name":"InHub","lat": 41.8908447, "lng": -87.6317454,"Street Address":"111 W Illinois","Geocode Address":"112 W Illinois","City":"Chicago","Zip":60654,"State":"IL","Category":"Investment Management"},
  {"Company Name":"Intercontinental Exchange (ICE)","lat": 41.8889885, "lng": -87.6310856,"Street Address":"353 N Clark St, Chicago","Geocode Address":"354 N Clark St","City":"Chicago","Zip":60654,"State":"IL","Category":"Capital Markets"},
  {"Company Name":"Internship Desk","lat": 41.88542349999999, "lng": -87.62270409999996,"Street Address":"Two Prudential Plaza,\n180 N. Stetson St. Suite 3500","Geocode Address":"180 N. Stetson St.","City":"Chicago","Zip":60601,"State":"IL","Category":"Service Provider"},
  {"Company Name":"J.P. Morgan Chase","lat": 41.88125890000001, "lng": -87.630878,"Street Address":"21 S. Clark Street, Suite 3200","Geocode Address":"22 S. Clark Street","City":"Chicago","Zip":60603,"State":"IL","Category":"Banking"},{"Company Name":"Jump Capital","Street Address":"600 W Chicago Ave Suite 825","Geocode Address":"601 W Chicago Ave","City":"Chicago","Zip":60654,"State":"IL","Category":"Investor","lat":41.8964446,"lng":-87.6429513},
  {"Company Name":"Knight Capital LLC","lat": 41.8853136, "lng": -87.62231780000002,"Street Address":"180 N. Stetson Avenue, Suite 3650","Geocode Address":"181 N. Stetson Avenue","City":"Chicago","Zip":60601,"State":"IL","Category":"Capital Markets"},{"Company Name":"Linkedin","Street Address":"525 W Monroe, Suite 400","Geocode Address":"526 W Monroe","City":"Chicago","Zip":60606,"State":"IL","Category":"Service Provider","lat":41.880565,"lng":-87.64101640000001},
  {"Company Name":"Magnetar Investment Academy","lat": 42.0472071, "lng": -87.6813047,"Street Address":"1603 Orringtion Ave, 13th Floor","Geocode Address":"1604 Orringtion Ave","City":"Evanston","Zip":60201,"State":"IL","Category":"Education"},{"Company Name":"Main Street Financial","Street Address":"333 W Upper Wacker Dr #2070","Geocode Address":"334 W Upper Wacker Dr","City":"Chicago","Zip":60606,"State":"IL","Category":"Investment Management","lat":41.8865917,"lng":-87.6360752},
  {"Company Name":"Maven Wave Partners","lat": 41.8831744, "lng": -87.64167809999998,"Street Address":"550 W Washington Blvd #300","Geocode Address":"551 W Washington Blvd","City":"Chicago","Zip":60661,"State":"IL","Category":"Consulting"},{"Company Name":"Midwest Lending Corporation","Street Address":"1732 W Hubbard St","Geocode Address":"1733 W Hubbard St","City":"Chicago","Zip":60622,"State":"IL","Category":"Lending","lat":41.8895263,"lng":-87.67094800000001},
  {"Company Name":"Milesius Capital Resources, LLC","lat": 41.8781649, "lng": -87.62970589999998,"Street Address":"65 W Jackson Blvd","Geocode Address":"66 W Jackson Blvd","City":"Chicago","Zip":60604,"State":"IL","Category":"Investment Management"},{"Company Name":"Morningstar","Street Address":"22 W Washington St","Geocode Address":"23 W Washington St","City":"Chicago","Zip":60602,"State":"IL","Category":"Data & Analytics","lat":41.8832178,"lng":-87.6286394},
  {"Company Name":"Ms. Tech","lat": 41.8823041, "lng": -87.63234950000003,"Street Address":"2 N LaSalle St","Geocode Address":"3 N LaSalle St","City":"Chicago","Zip":60602,"State":"IL","Category":"Organization"},{"Company Name":"National Futures Association","Street Address":"300 S Riverside Plaza #1800","Geocode Address":"301 S Riverside Plaza","City":"Chicago","Zip":60606,"State":"IL","Category":"Organization","lat":41.8780803,"lng":-87.63819289999998},
  {"Company Name":"Neal, Gerber, Eisenberg LLP","lat": 41.8823041, "lng": -87.63234950000003,"Street Address":"2 N La Salle Dr","Geocode Address":"3 N La Salle Dr","City":"Chicago","Zip":60602,"State":"IL","Category":"Service Provider"},{"Company Name":"Netrix LLC","Street Address":"12620 S Holiday Dr # D","Geocode Address":"12621 S Holiday Dr","City":"Alsip","Zip":60803,"State":"","Category":"Service Provider","lat":41.6624519,"lng":-87.74604820000002},
  {"Company Name":"Nomura Securities","lat": 41.8793369, "lng": -87.63669319999997,"Street Address":"200 S Wacker Dr","Geocode Address":"201 S Wacker Dr","City":"Chicago","Zip":60606,"State":"IL","Category":"Capital Markets"},{"Company Name":"Northern Trust","Street Address":"50 S La salle St","Geocode Address":"51 S La salle St","City":"Chicago","Zip":60603,"State":"IL","Category":"Banking","lat":41.8808316,"lng":-87.6323127},
  {"Company Name":"O'Shaughnessy Asset Management","lat": 41.883998, "lng": -87.645261,"Street Address":"656 W Randolph St # 4W","Geocode Address":"657 W Randolph St","City":"Chicago","Zip":60661,"State":"IL","Category":"Investment Management"},{"Company Name":"OCA Ventures","Street Address":"351 W Hubbard St #600","Geocode Address":"352 W Hubbard St","City":"Chicago","Zip":60654,"State":"IL","Category":"Investor","lat":41.8899753,"lng":-87.63746179999998},
  {"Company Name":"OCC","lat": 41.88199290000001, "lng": -87.63706760000002,"Street Address":"1 North Wacker Drive #500","Geocode Address":"2 North Wacker Drive","City":"Chicago","Zip":60606,"State":"IL","Category":"Capital Markets"},{"Company Name":"Options Away","Street Address":"222 W Merchandise Mart Plaza","Geocode Address":"223 W Merchandise Mart Plaza","City":"Chicago","Zip":60654,"State":"IL","Category":"Data & Analytics","lat":41.8879585,"lng":-87.63625939999997},
  {"Company Name":"ORC Software","lat": 41.8794421, "lng": -87.6322839,"Street Address":"190 S LaSalle #1200","Geocode Address":"191 S LaSalle","City":"Chicago","Zip":60603,"State":"IL","Category":"Technology"},{"Company Name":"Origin Ventures","Street Address":"549 W Randolph St Ste 601","Geocode Address":"550 W Randolph St","City":"Chicago","Zip":60661,"State":"IL","Category":"Investor","lat":41.8844417,"lng":-87.64172559999997},
  {"Company Name":"Oyster Consulting LLC","lat": 41.8793369, "lng": -87.63669319999997,"Street Address":"200 S Wacker Dr","Geocode Address":"201 S Wacker Dr","City":"Chicago","Zip":60606,"State":"IL","Category":"Investment Management"},{"Company Name":"Pangea Payments","Street Address":"401 W. Superior Street","Geocode Address":"402 W. Superior Street","City":"Chicago","Zip":60654,"State":"IL","Category":"Payments","lat":41.8955419,"lng":-87.63925460000002},
  {"Company Name":"Patke & Associates Lld","lat": 42.20275, "lng": -87.92965240000001,"Street Address":"300 Village Green #210","Geocode Address":"301 Village Green","City":"Chicago","Zip":60069,"State":"IL","Category":"Service Provider"},{"Company Name":"Payville USA","Street Address":"800 Enterprise Dr #201","Geocode Address":"801 Enterprise Dr","City":"Oak Brook","Zip":60523,"State":"IL","Category":"Payments","lat":41.8482958,"lng":-87.9383894},
  {"Company Name":"Perspicua Strategic Partners","lat": 41.9166057, "lng": -87.63634050000002,"Street Address":"1901 North Lincoln Park West","Geocode Address":"1902 North Lincoln Park West","City":"Chicago","Zip":60614,"State":"IL","Category":"Service Provider"},{"Company Name":"Polsinelli PC","Street Address":"161 N. Clark Street Suite 4200","Geocode Address":"162 N. Clark Street","City":"Chicago","Zip":60601,"State":"IL","Category":"Service Provider","lat":41.8849412,"lng":-87.6309837},
  {"Company Name":"Propllr","lat": 41.8792663, "lng": -87.6422728,"Street Address":"566 W Adams, Suite 610","Geocode Address":"567 W Adams","City":"Chicago","Zip":60661,"State":"IL","Category":"Service Provider"},{"Company Name":"Quid Financial Services","Street Address":"910 West Van Buren Street","Geocode Address":"911 West Van Buren Street","City":"Chicago","Zip":60607,"State":"IL","Category":"Investment Management","lat":41.876617,"lng":-87.64951810000002},
  {"Company Name":"R.J. Obrien","lat": 41.8790405, "lng": -87.63846530000001,"Street Address":"222 S Riverside Plaza # 900","Geocode Address":"223 S Riverside Plaza","City":"Chicago","Zip":60606,"State":"IL","Category":"Capital Markets"},{"Company Name":"Raymond James","Street Address":"550 W. Washington Blvd., Suite 1050","Geocode Address":"551 W. Washington Blvd.","City":"Chicago","Zip":60661,"State":"IL","Category":"Investment Management","lat":41.8831744,"lng":-87.64167809999998},
  {"Company Name":"RCM Asset Management","lat": 41.8741981, "lng": -87.62869109999997,"Street Address":"621 S Plymouth Ct","Geocode Address":"622 S Plymouth Ct","City":"Chicago","Zip":60605,"State":"IL","Category":"Capital Markets"},{"Company Name":"Relcore Consulting","Street Address":"300 N. LaSalle St.","Geocode Address":"301 N. LaSalle St.","City":"Chicago","Zip":60654,"State":"IL","Category":"Service Provider","lat":41.8878674,"lng":-87.6324277},
  {"Company Name":"Rightpoint Consulting","lat": 41.8826427, "lng": -87.63708680000002,"Street Address":"29 N Upper Wacker Dr","Geocode Address":"30 N Upper Wacker Dr","City":"Chicago","Zip":60606,"State":"IL","Category":"Service Provider"},{"Company Name":"Rippleshot","Street Address":"222 W Merchandise Mart #1212","Geocode Address":"223 W Merchandise Mart","City":"Chicago","Zip":60606,"State":"IL","Category":"Data & Analytics","lat":41.8879585,"lng":-87.63625939999997},
  {"Company Name":"RMB Capital","lat": 41.8800934, "lng": -87.63232920000002,"Street Address":"115 S La salle St","Geocode Address":"116 S La salle St","City":"Chicago","Zip":60603,"State":"IL","Category":"Investment Management"},{"Company Name":"Sandbox Industires","Street Address":"Merchandise Mart Properties, Inc., 1000 W Fulton Market #213","Geocode Address":"1000 W Fulton Market","City":"Chicago","Zip":60607,"State":"IL","Category":"Investor","lat":41.8872456,"lng":-87.652645},
  {"Company Name":"Silver Oak Services Partners","lat": 42.0457904, "lng": -87.6818523,"Street Address":"1560 Sherman Ave","Geocode Address":"1561 Sherman Ave","City":"Chicago","Zip":60201,"State":"IL","Category":"Investor"},{"Company Name":"Silveus Financial","Street Address":"1 E Upper Wacker Dr","Geocode Address":"2 E Upper Wacker Dr","City":"Chicago","Zip":60601,"State":"IL","Category":"Capital Markets","lat":41.8869743,"lng":-87.62789559999999},
  {"Company Name":"Smarteys Inc","lat": 41.8853831, "lng": -87.64477069999998,"Street Address":"650 West Lake Street Suite 320","Geocode Address":"651 West Lake Street","City":"Chicago","Zip":60661,"State":"IL","Category":"Investment Management"},{"Company Name":"SoFi","Street Address":"4422 N. Ravenswood Avenue","Geocode Address":"4423 N. Ravenswood Avenue","City":"Chicago","Zip":60640,"State":"IL","Category":"Lending","lat":41.9622999,"lng":-87.67355379999998},
  {"Company Name":"Square 1 Bank","lat": 41.8832119, "lng": -87.63466149999999,"Street Address":"225 West Washington Street Suite 1575","Geocode Address":"226 West Washington Street","City":"Chicago","Zip":60606,"State":"IL","Category":"Banking"},{"Company Name":"Student Loan 411","Street Address":"222 W. Merchandise Mart Plaza Suite 1212","Geocode Address":"223 W. Merchandise Mart Plaza","City":"Chicago","Zip":60654,"State":"IL","Category":"Lending","lat":41.8879585,"lng":-87.63625939999997},
  {"Company Name":"Sussex Financial Group","lat": 42.1511259, "lng": -87.8057038,"Street Address":"60 Revere Dr,","Geocode Address":"61 Revere Dr","City":"Northbrook","Zip":60062,"State":"IL","Category":"Insurance"},{"Company Name":"Synchology","Street Address":"226 W. Kinzie","Geocode Address":"227 W. Kinzie","City":"Chicago","Zip":60654,"State":"IL","Category":"Payments","lat":41.8891516,"lng":-87.63463949999999},
  {"Company Name":"The Kinetic Group","lat": 41.8879585, "lng": -87.63625939999997,"Street Address":"222 Merchandise Mart Plaza, Suite 250","Geocode Address":"223 Merchandise Mart Plaza","City":"Chicago","Zip":60654,"State":"IL","Category":"Service Provider"},{"Company Name":"The Options Insider","Street Address":"141 W Jackson","Geocode Address":"142 W Jackson","City":"Chicago","Zip":60606,"State":"IL","Category":"Media","lat":41.8781454,"lng":-87.63238819999998},
  {"Company Name":"The Wealth Pool LLC","lat": 41.9343495, "lng": -87.66154670000003,"Street Address":"1307 W George St","Geocode Address":"1308 W George St","City":"Chicago","Zip":60657,"State":"IL","Category":"Investment Management"},{"Company Name":"Third Stone Partners LLC","Street Address":"111 W Jackson Boulevard Suite 1530","Geocode Address":"112 W Jackson Boulevard","City":"Chicago","Zip":60604,"State":"IL","Category":"Technology","lat":41.8781498,"lng":-87.63151570000002},
  {"Company Name":"Tibco","lat": 41.881208, "lng": -87.63673549999999,"Street Address":"30 S. Wacker Drive, 22nd Floor","Geocode Address":"31 S. Wacker Drive","City":"Chicago","Zip":60606,"State":"IL","Category":"Data & Analytics"},{"Company Name":"Topstep Trader","Street Address":"130 S Jefferson St","Geocode Address":"131 S Jefferson St","City":"Chicago","Zip":60661,"State":"IL","Category":"Capital Markets","lat":41.879718,"lng":-87.64258530000001},
  {"Company Name":"Transunion","lat": 41.8792952, "lng": -87.6418362,"Street Address":"555 W Adams St","Geocode Address":"556 W Adams St","City":"Chicago","Zip":60661,"State":"IL","Category":"Data & Analytics"},{"Company Name":"Tribal Ventures","Street Address":"195 North Harbor Drive","Geocode Address":"196 North Harbor Drive","City":"Chicago","Zip":60601,"State":"IL","Category":"Investor","lat":41.8855821,"lng":-87.61565180000002},
  {"Company Name":"Trinet","lat": 41.8905963, "lng": -87.63167179999999,"Street Address":"5th Floor, 111 W Illinois St","Geocode Address":"111 W Illinois St","City":"Chicago","Zip":60654,"State":"IL","Category":"Service Provider"},{"Company Name":"Victory Park Capital","Street Address":"227 W Monroe St # 3900","Geocode Address":"228 W Monroe St","City":"Chicago","Zip":60606,"State":"IL","Category":"Investment Management","lat":41.880643,"lng":-87.63483500000001},
  {"Company Name":"Wells Fargo","lat": 41.8815438, "lng": -87.6367333,"Street Address":"10 S Wacker Dr","Geocode Address":"11 S Wacker Dr","City":"Chicago","Zip":60606,"State":"IL","Category":"Banking"},
  {"Company Name":"Wells Fargo Advisors","lat": 41.881208, "lng": -87.63673549999999,"Street Address":"30 South Wacker Drive Suite 4000","Geocode Address":"31 South Wacker Drive","City":"Chicago","Zip":60606,"State":"IL","Category":"Investment Management"},{"Company Name":"West Loop Ventures","Street Address":"230 W Superior, Suite 200","Geocode Address":"231 W Superior","City":"Chicago","Zip":60654,"State":"IL","Category":"Investor","lat":41.8955732,"lng":-87.6354849},
  {"Company Name":"William Blair","lat": 41.8793368, "lng": -87.63422750000001,"Street Address":"222 West Adams Street","Geocode Address":"223 West Adams Street","City":"Chicago","Zip":60606,"State":"IL","Category":"Banking"},{"Company Name":"WP Global Partners","Street Address":"155 N. Wacker Dr., Suite 4400","Geocode Address":"156 N. Wacker Dr.","City":"Chicago","Zip":60606,"State":"L","Category":"Investor","lat":41.8848949,"lng":-87.63709389999997},
  {"Company Name":"YCharts","lat": 41.8895979, "lng": -87.63695849999999,"Street Address":"414 N Orleans St #302","Geocode Address":"415 N Orleans St","City":"Chicago","Zip":60654,"State":"IL","Category":"Data & Analytics"},{"Company Name":"Yezzi (POMS)","Street Address":"920 N. Franklin, Suite 301 Chicago","Geocode Address":"921 N. Franklin","City":"Chicago","Zip":60610,"State":"IL","Category":"Payments","lat":41.8993901,"lng":-87.6357658},{"Company Name":"Coaccession","Street Address":"","Geocode Address":"","City":"","Zip":"","State":"","Category":"Investment Management"},{"Company Name":"Evestment","Street Address":"","Geocode Address":"","City":"","Zip":"","State":"","Category":"Data & Analytics"},
  {"Company Name":"Advantage Futures","Street Address":"231 S La salle St Suite 1400","Geocode Address":"231 S La salle St","City":"Chicago","Zip":60604,"State":"IL","Category":"Capital Markets","Number of Employees":"","Revenue":"","Year Founded":"","POC @ Co":"","Email address":"","FinTEx Member":"","Assigned to":"","lat":41.8784502,"lng":-87.63169370000003},{"Company Name":"Akouba Credit","Street Address":"910 West Van Buren Street","Geocode Address":"910 West Van Buren Street","City":"Chicago","Zip":60607,"State":"IL","Category":"Technology","Number of Employees":"","Revenue":"","Year Founded":"","POC @ Co":"","Email address":"","FinTEx Member":"x","Assigned to":"","lat":41.8768565,"lng":-87.64988519999997},{"Company Name":"Argon Credit","Street Address":"","Geocode Address":"","City":"Chicago","Zip":"","State":"IL","Category":"Lending","Number of Employees":"","Revenue":"","Year Founded":"","POC @ Co":"","Email address":"","FinTEx Member":"x","Assigned to":"","lat":41.8781136,"lng":-87.62979819999998},{"Company Name":"Ascent Technologies","Street Address":"","Geocode Address":"","City":"Chicago","Zip":"","State":"IL","Category":"Capital Markets / Regulatory","Number of Employees":4,"Revenue":"","Year Founded":2015,"POC @ Co":"Brian Clark","Email address":"brian@ascent.is","FinTEx Member":"","Assigned to":"","lat":41.8781136,"lng":-87.62979819999998},{"Company Name":"Bloq","Street Address":"222 West Merchandise Mart Plaza, Suite 1212","Geocode Address":"222 West Merchandise Mart Plaza","City":"Chicago","Zip":60654,"State":"IL","Category":"Payments / Blockchain","Number of Employees":"","Revenue":"","Year Founded":"","POC @ Co":"","Email address":"","FinTEx Member":"","Assigned to":"","lat":41.8885198,"lng":-87.63544819999998},{"Company Name":"Bolstr","Street Address":"1046 W Kinzie Suite 300","Geocode Address":"1046 W Kinzie","City":"Chicago","Zip":60076,"State":"IL","Category":"Lending","Number of Employees":"","Revenue":"","Year Founded":"","POC @ Co":"","Email address":"","FinTEx Member":"x","Assigned to":"","lat":41.8891898,"lng":-87.65406000000002},{"Company Name":"Burling Bank","Street Address":"","Geocode Address":"","City":"","Zip":"","State":"","Category":"","Number of Employees":"","Revenue":"","Year Founded":"","POC @ Co":"","Email address":"","FinTEx Member":"x","Assigned to":""},{"Company Name":"Chicago Trade Exchange","Street Address":"","Geocode Address":"","City":"","Zip":"","State":"","Category":"","Number of Employees":"","Revenue":"","Year Founded":"","POC @ Co":"","Email address":"","FinTEx Member":"x","Assigned to":""},{"Company Name":"Digital Mint","Street Address":"","Geocode Address":"","City":"","Zip":"","State":"","Category":"","Number of Employees":"","Revenue":"","Year Founded":"","POC @ Co":"","Email address":"","FinTEx Member":"x","Assigned to":""},{"Company Name":"Enfusion","Street Address":"30 South Wacker Drive Suite 1375","Geocode Address":"30 South Wacker Drive","City":"Chicago","Zip":60606,"State":"IL","Category":"Investment Management","Number of Employees":"","Revenue":"","Year Founded":"","POC @ Co":"","Email address":"","FinTEx Member":"","Assigned to":"","lat":41.88118559999999,"lng":-87.6374404},{"Company Name":"Enova","Street Address":"","Geocode Address":"","City":"Chicago","Zip":"","State":"IL","Category":"Lending","Number of Employees":"","Revenue":"","Year Founded":"","POC @ Co":"","Email address":"","FinTEx Member":"x","Assigned to":"","lat":41.8781136,"lng":-87.62979819999998},{"Company Name":"Gibraltar Business Capital","Street Address":"","Geocode Address":"","City":"","Zip":"","State":"","Category":"","Number of Employees":"","Revenue":"","Year Founded":"","POC @ Co":"","Email address":"","FinTEx Member":"x","Assigned to":""},{"Company Name":"GiveForward","Street Address":"222 West Merchandise Mart Plaza 12th Floor","Geocode Address":"222 West Merchandise Mart Plaza","City":"Chicago","Zip":60654,"State":"IL","Category":"Lending","Number of Employees":"","Revenue":"","Year Founded":"","POC @ Co":"","Email address":"","FinTEx Member":"","Assigned to":"","lat":41.8885198,"lng":-87.63544819999998},{"Company Name":"Glidera","Street Address":"","Geocode Address":"","City":"Chicago","Zip":"","State":"IL","Category":"Payments / Blockchain","Number of Employees":"","Revenue":"","Year Founded":"","POC @ Co":"","Email address":"","FinTEx Member":"x","Assigned to":"","lat":41.8781136,"lng":-87.62979819999998},{"Company Name":"guaranteed rate","Street Address":"","Geocode Address":"","City":"","Zip":"","State":"","Category":"","Number of Employees":"","Revenue":"","Year Founded":"","POC @ Co":"","Email address":"","FinTEx Member":"","Assigned to":""},{"Company Name":"Halo","Street Address":"111 W Illinois","Geocode Address":"111 W Illinois","City":"Chicago","Zip":60654,"State":"IL","Category":"Investment Management","Number of Employees":"","Revenue":"","Year Founded":"","POC @ Co":"","Email address":"","FinTEx Member":"x","Assigned to":"","lat":41.8905963,"lng":-87.63167179999999},{"Company Name":"Insureon","Street Address":"30 N LaSalle St #2500","Geocode Address":"30 N LaSalle St","City":"Chicago","Zip":60602,"State":"IL","Category":"Insurance","Number of Employees":"","Revenue":"","Year Founded":"","POC @ Co":"","Email address":"","FinTEx Member":"","Assigned to":"","lat":41.8828131,"lng":-87.63298980000002},{"Company Name":"LendSquare","Street Address":"222 West Merchanise Mark Plaza #1212","Geocode Address":"222 West Merchanise Mark Plaza","City":"Chicago","Zip":60654,"State":"IL","Category":"Lending","Number of Employees":"","Revenue":"","Year Founded":"","POC @ Co":"","Email address":"","FinTEx Member":"","Assigned to":"","lat":41.8885198,"lng":-87.63544819999998},{"Company Name":"Mighty Deposits","Street Address":"1452 E 53rd St. 2nd Floor","Geocode Address":"1452 E 53rd St.","City":"Chicago","Zip":60615,"State":"IL","Category":"Banking","Number of Employees":"","Revenue":"","Year Founded":2015,"POC @ Co":"Megan Hryndza","Email address":"megan@mightydeposits.com","FinTEx Member":"","Assigned to":"","lat":41.7997257,"lng":-87.58968549999997},{"Company Name":"Moneythink","Street Address":"","Geocode Address":"","City":"","Zip":"","State":"","Category":"","Number of Employees":"","Revenue":"","Year Founded":"","POC @ Co":"","Email address":"","FinTEx Member":"","Assigned to":""},{"Company Name":"Neurensic","Street Address":"","Geocode Address":"","City":"","Zip":"","State":"","Category":"","Number of Employees":"","Revenue":"","Year Founded":"","POC @ Co":"","Email address":"","FinTEx Member":"x","Assigned to":""},{"Company Name":"NextCapital","Street Address":"328 S. Jefferson St. Suite 920","Geocode Address":"328 S. Jefferson St.","City":"Chicago","Zip":60661,"State":"IL","Category":"Investment Management","Number of Employees":"","Revenue":"","Year Founded":"","POC @ Co":"","Email address":"","FinTEx Member":"","Assigned to":"","lat":41.8771324,"lng":-87.64275550000002},{"Company Name":"Northwestern Mutual","Street Address":"","Geocode Address":"","City":"","Zip":"","State":"","Category":"","Number of Employees":"","Revenue":"","Year Founded":"","POC @ Co":"","Email address":"","FinTEx Member":"x","Assigned to":""},{"Company Name":"OasisCoin","Street Address":"","Geocode Address":"","City":"Chicago","Zip":"","State":"IL","Category":"Payments / Blockchain","Number of Employees":"","Revenue":"","Year Founded":"","POC @ Co":"","Email address":"","FinTEx Member":"","Assigned to":"","lat":41.8781136,"lng":-87.62979819999998},{"Company Name":"","Street Address":"","Geocode Address":"","City":"","Zip":"","State":"","Category":"","Number of Employees":"","Revenue":"","Year Founded":"","POC @ Co":"","Email address":"","FinTEx Member":"","Assigned to":""},{"Company Name":"Optionscity","Street Address":"","Geocode Address":"","City":"","Zip":"","State":"","Category":"","Number of Employees":"","Revenue":"","Year Founded":"","POC @ Co":"","Email address":"","FinTEx Member":"","Assigned to":""},{"Company Name":"OptionsHouse","Street Address":"","Geocode Address":"","City":"","Zip":"","State":"","Category":"","Number of Employees":"","Revenue":"","Year Founded":"","POC @ Co":"","Email address":"","FinTEx Member":"x","Assigned to":""},{"Company Name":"Peak6 Investment","Street Address":"","Geocode Address":"","City":"","Zip":"","State":"","Category":"","Number of Employees":"","Revenue":"","Year Founded":"","POC @ Co":"","Email address":"","FinTEx Member":"","Assigned to":""},{"Company Name":"Peanut Butter","Street Address":"","Geocode Address":"","City":"","Zip":"","State":"","Category":"","Number of Employees":"","Revenue":"","Year Founded":"","POC @ Co":"","Email address":"","FinTEx Member":"x","Assigned to":""},{"Company Name":"Peeptrade","Street Address":"","Geocode Address":"","City":"Chicago / Austin","Zip":"","State":"IL","Category":"Capital Markets","Number of Employees":"","Revenue":"","Year Founded":"","POC @ Co":"Juan Mendoza","Email address":"juan.mendoza@peeptrade.com","FinTEx Member":"","Assigned to":""},{"Company Name":"Professional Trading Solutions","Street Address":"","Geocode Address":"","City":"","Zip":"","State":"","Category":"","Number of Employees":"","Revenue":"","Year Founded":"","POC @ Co":"","Email address":"","FinTEx Member":"x","Assigned to":""},{"Company Name":"Red Leaf Chicago","Street Address":"","Geocode Address":"","City":"Chicago","Zip":"","State":"IL","Category":"Payments / Blockchain","Number of Employees":"","Revenue":"","Year Founded":"","POC @ Co":"","Email address":"","FinTEx Member":"","Assigned to":""},{"Company Name":"RepPro","Street Address":"","Geocode Address":"","City":"","Zip":"","State":"","Category":"","Number of Employees":"","Revenue":"","Year Founded":"","POC @ Co":"","Email address":"","FinTEx Member":"x","Assigned to":""},{"Company Name":"Risk Pool","Street Address":"","Geocode Address":"","City":"","Zip":"","State":"","Category":"","Number of Employees":"","Revenue":"","Year Founded":"","POC @ Co":"","Email address":"","FinTEx Member":"x","Assigned to":""},{"Company Name":"Seed CX","Street Address":"","Geocode Address":"","City":"Chicago","Zip":"","State":"IL","Category":"Capital Markets","Number of Employees":"","Revenue":"","Year Founded":"","POC @ Co":"Brian Liston","Email address":"brian@seedcx.com","FinTEx Member":"x","Assigned to":"","lat":41.8781136,"lng":-87.62979819999998},
  {"Company Name":"Tellur","Street Address":"","Geocode Address":"","City":"Chicago","Zip":"","State":"IL","Category":"Banking","Number of Employees":"","Revenue":"","Year Founded":"","POC @ Co":"","Email address":"","FinTEx Member":"","Assigned to":"","lat":41.8781136,"lng":-87.62979819999998}
]
